{
  "calibration_date": "2025-12-04T10:47:17.531128",
  "tag_family": "tag36h11",
  "tag_size_m": 0.05,
  "cube_width_m": 0.03,
  "cube_spacing_m": 0.06,
  "camera_params": {
    "fx": 600.0,
    "fy": 600.0,
    "cx": 320.0,
    "cy": 240.0
  },
  "row1_tag": {
    "id": 0,
    "pose_t": [
      [
        -0.006804589586623752
      ],
      [
        0.08034246004450861
      ],
      [
        0.27159972592787246
      ]
    ],
    "pose_R": [
      [
        0.044293148317987203,
        -0.8324149624839581,
        0.5523798034368311
      ],
      [
        0.998816837796532,
        0.02578772963887301,
        -0.04123005619943909
      ],
      [
        0.020075894655464763,
        0.5535524575258461,
        0.8325723002964242
      ]
    ]
  },
  "row2_tag": {
    "id": 1,
    "pose_t": [
      [
        -0.00887120708101627
      ],
      [
        -0.07273597425490066
      ],
      [
        0.25476534561896164
      ]
    ],
    "pose_R": [
      [
        -0.8465138483606135,
        0.00012653407957895064,
        0.5323666861504677
      ],
      [
        -0.09980414016346165,
        -0.9823075352371605,
        -0.15846463271823777
      ],
      [
        0.5229277561383943,
        -0.18727490543428552,
        0.831549560552252
      ]
    ]
  },
  "slots": {
    "R1C1": {
      "reference_tag": 0,
      "offset": [
        0.015,
        0.0,
        0.0
      ],
      "row": 1,
      "col": 1
    },
    "R1C2": {
      "reference_tag": 0,
      "offset": [
        0.105,
        0.0,
        0.0
      ],
      "row": 1,
      "col": 2
    },
    "R1C3": {
      "reference_tag": 0,
      "offset": [
        0.195,
        0.0,
        0.0
      ],
      "row": 1,
      "col": 3
    },
    "R2C1": {
      "reference_tag": 1,
      "offset": [
        0.015,
        0.0,
        0.0
      ],
      "row": 2,
      "col": 1
    },
    "R2C2": {
      "reference_tag": 1,
      "offset": [
        0.105,
        0.0,
        0.0
      ],
      "row": 2,
      "col": 2
    },
    "R2C3": {
      "reference_tag": 1,
      "offset": [
        0.195,
        0.0,
        0.0
      ],
      "row": 2,
      "col": 3
    }
  }
}